Date,Issue type
2017-04-05,solarWind
2017-04-08,solarWind
2017-04-10,solarWind
2017-04-11,solarWind
2017-04-17,solarWind
2017-04-19,solarWind
2017-04-20,solarWind
2017-04-22,solarWind
2017-10-10,solarWind
2017-10-13,solarWind
2018-04-13,solarWind
2018-04-19,solarWind
2018-04-22,solarWind
2018-04-27,solarWind
2018-04-28,solarWind
2019-04-24,solarWind
2019-04-27,solarWind
2019-05-08,solarWind
2019-05-09,solarWind
2019-05-12,solarWind
2019-05-16,solarWind
2019-05-17,solarWind
2019-05-20,solarWind
2019-05-23,solarWind
2019-10-05,solarWind
2019-10-09,solarWind
2019-10-24,solarWind
2019-11-03,solarWind
2019-11-04,solarWind
2019-12-05,solarWind
2020-01-01,solarWind
2020-05-03,solarWind
2020-05-07,solarWind
2020-05-10,solarWind
2020-05-13,solarWind
2020-05-14,solarWind
2020-05-17,solarWind
2020-05-18,solarWind
2020-05-21,solarWind
2020-05-22,solarWind
2020-05-24,solarWind
2020-05-25,solarWind
2020-11-05,solarWind
2020-11-08,solarWind
2018-05-20,sheath
2019-10-02,sheath
2019-10-12,sheath
2019-10-13,sheath
2019-10-14,sheath
2019-10-16,sheath
2019-10-17,sheath
2019-10-19,sheath
2019-10-23,sheath
2019-10-27,sheath
2019-10-28,sheath
2019-10-31,sheath
2019-11-07,sheath
2019-11-11,sheath
2020-04-25,sheath
2020-04-29,sheath
2020-05-06,sheath
2020-05-09,sheath
2020-05-20,sheath
2020-06-11,sheath
2020-06-12,sheath
2020-06-14,sheath
2020-06-17,sheath
2020-06-18,sheath
2020-06-21,sheath
2020-06-22,sheath
2020-10-21,sheath
2020-11-01,sheath
2020-11-02,sheath
2020-11-09,sheath
2020-11-23,sheath
2019-10-30,instrument